Pathway_ID,Pathway_Name,Description,Key_Feedstock_Requirements,Environmental_Benefit
1,Ethanol,Second-Generation (2G) lignocellulosic bioethanol or First-Generation sugar/starch fermentation for transport fuel blending (E20 mandate).,"High holocellulose (cellulose + hemicellulose > 55%) or high free sugars (>20%), low lignin or amenable pretreatment.","Displaces fossil gasoline, reduces GHG emissions by up to 86%, prevents open field stubble burning."
2,Biogas,Anaerobic digestion of organic biomass yielding biomethane (CBG) and organic digestate fertilizer (SATAT initiative).,"High moisture (65-90%), balanced C:N ratio (20:1 - 30:1), high volatile solids, low heavy metals.","Replaces LPG/CNG, generates odorless bio-slurry fertilizer, mitigates leachate pollution."
3,Briquettes/Pellets,Mechanical densification of dry biomass into high-calorific solid fuel logs or pellets for industrial boilers and co-firing.,"Low moisture (<15%), moderate-to-high lignin (>15%) for natural binding, low silica ash (<10%).",Direct substitute for coal in thermal power plants and industrial furnaces.
4,Compost,"Aerobic microbial decomposition producing stabilized, humic-rich organic manure for soil conditioning.","Moisture 40-60%, C:N ratio ~30:1, adequate porosity and aeration.","Restores soil organic carbon (SOC), enhances microbial biodiversity and moisture retention."
5,Vermicompost,Earthworm-assisted bio-oxidation converting tender agricultural residues into premium vermicast fertilizer.,"Non-toxic, low tannin/alkaloid content, moderate moisture (60-70%), tender/soft fibrous tissue.",High plant-available NPK and growth hormones without synthetic chemical inputs.
6,Mushroom Cultivation,"Solid substrate cultivation of edible/medicinal mushrooms (e.g. Oyster, Paddy Straw) followed by spent mushroom substrate (SMS) composting.","Clean, uninfected straw/cobs/haulms, low agrochemical residue, C:N ratio 50:1 - 80:1.",Generates high-value human food protein while converting lignified substrate into high-grade compost.
7,Animal Feed,Direct or ensiled fodder utilization for livestock and dairy cattle nutrition.,"Non-toxic, high palatability, crude protein >7%, absence of mold or excessive silica.",Supports rural circular economy and reduces external fodder purchase costs.
8,Industrial Biomass Use,"High-temperature pyrolysis for biochar, activated carbon, and cellulose fibre pulp for packaging/insulation.","Extremely high carbon/lignin content, structural rigidity, low moisture.",Long-term geological carbon sequestration and replacement of synthetic plastics/mined carbon.
9,Additional Assessment Required,Low AI confidence or ambiguous sample requiring farmer questionnaire clarification or laboratory verification.,Clear photographic re-capture or physical sample submission.,Prevents process failures and economic losses from misclassification.
