Record_ID,Image_ID,State,District,Mandal,Village,Crop,Crop_Category,Waste_Type,Waste_Category,Waste_Source,Harvest_Season,Harvest_Month,Farm_Size_Acres,Waste_Quantity_Kg,Moisture_Percent,Dry_Matter_Percent,Collection_Distance_Km,Storage_Days,Cellulose_Percent,Hemicellulose_Percent,Lignin_Percent,Sugar_Content_Percent,Ash_Percent,Current_Disposal_Method,Burning_Risk,Environmental_Risk_Level,Ethanol_Suitability,Ethanol_Potential,Biogas_Suitability,Biogas_Potential,Briquette_Suitability,Briquette_Potential,Compost_Suitability,Compost_Potential,Vermicompost_Suitability,Vermicompost_Potential,Mushroom_Suitability,Mushroom_Potential,Recommended_Pathway,Alternative_Pathway,Recommendation_Reason,Farmer_Action,Government_Action,Farmer_Selected_Crop,Farmer_Waste_Name,Farmer_Estimated_Quantity,Farmer_Moisture_Description,Farmer_Storage_Duration,Farmer_Current_Disposal,Farmer_Location,Farmer_Confidence,Group_ID,Data_Source_Type,Data_Confidence
REC000057,IMG000057,Andhra Pradesh,Kurnool,Unknown,Unknown,Tobacco,Cash Crops,Tobacco Stalk,Field Residue (Woody Stalk),Field / Farmyard,Rabi,March,2.9,1329.0,14.4,85.6,4.1,14,36.0,18.0,23.0,1.0,7.0,Burning in field,High,Severe,Medium,Medium,Low,Low,Very High,Very High,Low,Low,Low,Low,Low,Low,Briquettes/Pellets,Ethanol,High alkaloid/nicotine trace residues rule out animal feed and vermicompost; dense lignified structure makes it well-suited for industrial fuel briquettes.,Cease open burning. Store at <15% moisture and aggregate 1329 kg for Briquettes/Pellets conversion.,Facilitate custom hiring center aggregation balers under AP Biofuel Mission for Kurnool district.,Tobacco,Tobacco Stalk,1329 kg,Dry / Semi-dry,1-2 Weeks,Burning in field,Kurnool,High,GRP_0015,Synthetic/Demo,Medium
REC000058,IMG000058,Andhra Pradesh,Kurnool,Unknown,Unknown,Tobacco,Cash Crops,Tobacco Stalk,Field Residue (Woody Stalk),Field / Farmyard,Rabi,March,6.1,2822.0,15.9,84.1,17.7,11,36.0,18.0,23.0,1.0,7.0,Burning in field,High,Severe,Medium,Medium,Low,Low,Very High,Very High,Low,Low,Low,Low,Low,Low,Briquettes/Pellets,Ethanol,High alkaloid/nicotine trace residues rule out animal feed and vermicompost; dense lignified structure makes it well-suited for industrial fuel briquettes.,Cease open burning. Store at <15% moisture and aggregate 2822 kg for Briquettes/Pellets conversion.,Facilitate custom hiring center aggregation balers under AP Biofuel Mission for Kurnool district.,Tobacco,Tobacco Stalk,2822 kg,Dry / Semi-dry,1-2 Weeks,Burning in field,Kurnool,High,GRP_0015,Synthetic/Demo,Medium
REC000059,IMG000059,Andhra Pradesh,Kurnool,Unknown,Unknown,Tobacco,Cash Crops,Tobacco Stalk,Field Residue (Woody Stalk),Field / Farmyard,Rabi,March,10.1,8610.0,15.5,84.5,18.3,18,36.0,18.0,23.0,1.0,7.0,Burning in field,High,Severe,Medium,Medium,Low,Low,Very High,Very High,Low,Low,Low,Low,Low,Low,Briquettes/Pellets,Ethanol,High alkaloid/nicotine trace residues rule out animal feed and vermicompost; dense lignified structure makes it well-suited for industrial fuel briquettes.,Cease open burning. Store at <15% moisture and aggregate 8610 kg for Briquettes/Pellets conversion.,Facilitate custom hiring center aggregation balers under AP Biofuel Mission for Kurnool district.,Tobacco,Tobacco Stalk,8610 kg,Dry / Semi-dry,1-2 Weeks,Burning in field,Kurnool,High,GRP_0015,Synthetic/Demo,Medium
REC000060,IMG000060,Andhra Pradesh,Kurnool,Unknown,Unknown,Tobacco,Cash Crops,Tobacco Stalk,Field Residue (Woody Stalk),Field / Farmyard,Rabi,March,9.7,9134.0,12.7,87.3,23.5,15,36.0,18.0,23.0,1.0,7.0,Burning in field,High,Severe,Medium,Medium,Low,Low,Very High,Very High,Low,Low,Low,Low,Low,Low,Briquettes/Pellets,Ethanol,High alkaloid/nicotine trace residues rule out animal feed and vermicompost; dense lignified structure makes it well-suited for industrial fuel briquettes.,Cease open burning. Store at <15% moisture and aggregate 9134 kg for Briquettes/Pellets conversion.,Facilitate custom hiring center aggregation balers under AP Biofuel Mission for Kurnool district.,Tobacco,Tobacco Stalk,9134 kg,Dry / Semi-dry,1-2 Weeks,Burning in field,Kurnool,High,GRP_0015,Synthetic/Demo,Medium
REC000025,IMG000025,Andhra Pradesh,Nellore,Unknown,Unknown,Sugarcane,Cash Crops,Sugarcane Trash,Field Residue (Trash/Leaves),Field / Farmyard,Perennial,January,10.7,7927.0,17.9,82.1,27.5,9,37.0,26.0,21.0,3.0,7.0,Burning in field,High,Severe,High,High,Medium,Medium,High,High,Medium,Medium,Medium,Medium,Medium,Medium,Ethanol,Briquettes/Pellets,Abundant field biomass frequently subjected to open burning; 37% cellulose provides viable 2G bioethanol pathway while curbing field emissions.,Cease open burning. Store at <15% moisture and aggregate 7927 kg for Ethanol conversion.,Facilitate custom hiring center aggregation balers under AP Biofuel Mission for Nellore district.,Sugarcane,Sugarcane Trash,7927 kg,Dry / Semi-dry,1-2 Weeks,Burning in field,Nellore,High,GRP_0007,Synthetic/Demo,Medium
REC000026,IMG000026,Andhra Pradesh,Nellore,Unknown,Unknown,Sugarcane,Cash Crops,Sugarcane Trash,Field Residue (Trash/Leaves),Field / Farmyard,Perennial,January,9.9,7589.0,13.0,87.0,9.0,24,37.0,26.0,21.0,3.0,7.0,Burning in field,High,Severe,High,High,Medium,Medium,High,High,Medium,Medium,Medium,Medium,Medium,Medium,Ethanol,Briquettes/Pellets,Abundant field biomass frequently subjected to open burning; 37% cellulose provides viable 2G bioethanol pathway while curbing field emissions.,Cease open burning. Store at <15% moisture and aggregate 7589 kg for Ethanol conversion.,Facilitate custom hiring center aggregation balers under AP Biofuel Mission for Nellore district.,Sugarcane,Sugarcane Trash,7589 kg,Dry / Semi-dry,1-2 Weeks,Burning in field,Nellore,High,GRP_0007,Synthetic/Demo,Medium
REC000027,IMG000027,Andhra Pradesh,Nellore,Unknown,Unknown,Sugarcane,Cash Crops,Sugarcane Trash,Field Residue (Trash/Leaves),Field / Farmyard,Perennial,January,10.2,8687.0,14.8,85.2,8.1,21,37.0,26.0,21.0,3.0,7.0,Burning in field,High,Severe,High,High,Medium,Medium,High,High,Medium,Medium,Medium,Medium,Medium,Medium,Ethanol,Briquettes/Pellets,Abundant field biomass frequently subjected to open burning; 37% cellulose provides viable 2G bioethanol pathway while curbing field emissions.,Cease open burning. Store at <15% moisture and aggregate 8687 kg for Ethanol conversion.,Facilitate custom hiring center aggregation balers under AP Biofuel Mission for Nellore district.,Sugarcane,Sugarcane Trash,8687 kg,Dry / Semi-dry,1-2 Weeks,Burning in field,Nellore,High,GRP_0007,Synthetic/Demo,Medium
REC000028,IMG000028,Andhra Pradesh,Nellore,Unknown,Unknown,Sugarcane,Cash Crops,Sugarcane Trash,Field Residue (Trash/Leaves),Field / Farmyard,Perennial,January,11.7,4503.0,15.4,84.6,17.0,26,37.0,26.0,21.0,3.0,7.0,Burning in field,High,Severe,High,High,Medium,Medium,High,High,Medium,Medium,Medium,Medium,Medium,Medium,Ethanol,Briquettes/Pellets,Abundant field biomass frequently subjected to open burning; 37% cellulose provides viable 2G bioethanol pathway while curbing field emissions.,Cease open burning. Store at <15% moisture and aggregate 4503 kg for Ethanol conversion.,Facilitate custom hiring center aggregation balers under AP Biofuel Mission for Nellore district.,Sugarcane,Sugarcane Trash,4503 kg,Dry / Semi-dry,1-2 Weeks,Burning in field,Nellore,High,GRP_0007,Synthetic/Demo,Medium
REC000061,IMG000061,Andhra Pradesh,Vizianagaram,Unknown,Unknown,Pulses (Redgram/Bengalgram),Pulses,Pulse Residue,Field Residue (Stalks/Pods),Field / Farmyard,Rabi,January,9.5,7882.0,9.8,90.2,19.3,17,34.0,19.0,20.0,2.5,6.0,Selling to brick kilns / traders,Low,Moderate,Medium,Medium,Medium,Medium,High,High,High,High,High,High,Medium,Medium,Briquettes/Pellets,Compost,Woody redgram stalks are excellent for gasifier briquettes; nitrogen-rich leaf/pod fractions serve well in soil rejuvenation composting.,Cease open burning. Store at <15% moisture and aggregate 7882 kg for Briquettes/Pellets conversion.,Facilitate custom hiring center aggregation balers under AP Biofuel Mission for Vizianagaram district.,Pulses (Redgram/Bengalgram),Pulse Residue,7882 kg,Dry / Semi-dry,1-2 Weeks,Selling to brick kilns / traders,Vizianagaram,High,GRP_0016,Synthetic/Demo,Medium
REC000062,IMG000062,Andhra Pradesh,Vizianagaram,Unknown,Unknown,Pulses (Redgram/Bengalgram),Pulses,Pulse Residue,Field Residue (Stalks/Pods),Field / Farmyard,Rabi,January,10.6,3457.0,14.5,85.5,10.5,28,34.0,19.0,20.0,2.5,6.0,Cattle fodder,Low,Low,Medium,Medium,Medium,Medium,High,High,High,High,High,High,Medium,Medium,Briquettes/Pellets,Compost,Woody redgram stalks are excellent for gasifier briquettes; nitrogen-rich leaf/pod fractions serve well in soil rejuvenation composting.,Cease open burning. Store at <15% moisture and aggregate 3457 kg for Briquettes/Pellets conversion.,Facilitate custom hiring center aggregation balers under AP Biofuel Mission for Vizianagaram district.,Pulses (Redgram/Bengalgram),Pulse Residue,3457 kg,Dry / Semi-dry,1-2 Weeks,Cattle fodder,Vizianagaram,High,GRP_0016,Synthetic/Demo,Medium
REC000063,IMG000063,Andhra Pradesh,Vizianagaram,Unknown,Unknown,Pulses (Redgram/Bengalgram),Pulses,Pulse Residue,Field Residue (Stalks/Pods),Field / Farmyard,Rabi,January,3.2,1347.0,15.0,85.0,6.6,20,34.0,19.0,20.0,2.5,6.0,Cattle fodder,Low,Low,Medium,Medium,Medium,Medium,High,High,High,High,High,High,Medium,Medium,Briquettes/Pellets,Compost,Woody redgram stalks are excellent for gasifier briquettes; nitrogen-rich leaf/pod fractions serve well in soil rejuvenation composting.,Cease open burning. Store at <15% moisture and aggregate 1347 kg for Briquettes/Pellets conversion.,Facilitate custom hiring center aggregation balers under AP Biofuel Mission for Vizianagaram district.,Pulses (Redgram/Bengalgram),Pulse Residue,1347 kg,Dry / Semi-dry,1-2 Weeks,Cattle fodder,Vizianagaram,High,GRP_0016,Synthetic/Demo,Medium
REC000064,IMG000064,Andhra Pradesh,Vizianagaram,Unknown,Unknown,Pulses (Redgram/Bengalgram),Pulses,Pulse Residue,Field Residue (Stalks/Pods),Field / Farmyard,Rabi,January,4.4,2784.0,13.0,87.0,28.5,10,34.0,19.0,20.0,2.5,6.0,Selling to brick kilns / traders,Low,Moderate,Medium,Medium,Medium,Medium,High,High,High,High,High,High,Medium,Medium,Briquettes/Pellets,Compost,Woody redgram stalks are excellent for gasifier briquettes; nitrogen-rich leaf/pod fractions serve well in soil rejuvenation composting.,Cease open burning. Store at <15% moisture and aggregate 2784 kg for Briquettes/Pellets conversion.,Facilitate custom hiring center aggregation balers under AP Biofuel Mission for Vizianagaram district.,Pulses (Redgram/Bengalgram),Pulse Residue,2784 kg,Dry / Semi-dry,1-2 Weeks,Selling to brick kilns / traders,Vizianagaram,High,GRP_0016,Synthetic/Demo,Medium
REC000093,IMG000093,Andhra Pradesh,Palnadu,Unknown,Unknown,Unknown,Uncategorized,Unknown / Other,Unclassified Material,Field / Farmyard,Unknown,Unknown,6.2,6937.0,5.0,95.0,30.9,25,0.0,0.0,0.0,0.0,0.0,Cattle fodder,Low,Low,Low,Low,Low,Low,Low,Low,Low,Low,Low,Low,Low,Low,Additional Assessment Required,Field Verification,Confidence threshold below 70% or unclassified material; requires farmer clarification or physical laboratory verification.,Cease open burning. Store at <15% moisture and aggregate 6937 kg for Additional Assessment Required conversion.,Facilitate custom hiring center aggregation balers under AP Biofuel Mission for Palnadu district.,Unknown,Unknown / Other,6937 kg,Dry / Semi-dry,1-2 Weeks,Cattle fodder,Palnadu,High,GRP_0024,Synthetic/Demo,Medium
REC000094,IMG000094,Andhra Pradesh,Palnadu,Unknown,Unknown,Unknown,Uncategorized,Unknown / Other,Unclassified Material,Field / Farmyard,Unknown,Unknown,6.9,4384.0,5.0,95.0,15.1,26,0.0,0.0,0.0,0.0,0.0,Cattle fodder,Low,Low,Low,Low,Low,Low,Low,Low,Low,Low,Low,Low,Low,Low,Additional Assessment Required,Field Verification,Confidence threshold below 70% or unclassified material; requires farmer clarification or physical laboratory verification.,Cease open burning. Store at <15% moisture and aggregate 4384 kg for Additional Assessment Required conversion.,Facilitate custom hiring center aggregation balers under AP Biofuel Mission for Palnadu district.,Unknown,Unknown / Other,4384 kg,Dry / Semi-dry,1-2 Weeks,Cattle fodder,Palnadu,High,GRP_0024,Synthetic/Demo,Medium
REC000095,IMG000095,Andhra Pradesh,Palnadu,Unknown,Unknown,Unknown,Uncategorized,Unknown / Other,Unclassified Material,Field / Farmyard,Unknown,Unknown,6.2,4146.0,5.0,95.0,28.5,5,0.0,0.0,0.0,0.0,0.0,Burning in field,High,Severe,Low,Low,Low,Low,Low,Low,Low,Low,Low,Low,Low,Low,Additional Assessment Required,Field Verification,Confidence threshold below 70% or unclassified material; requires farmer clarification or physical laboratory verification.,Cease open burning. Store at <15% moisture and aggregate 4146 kg for Additional Assessment Required conversion.,Facilitate custom hiring center aggregation balers under AP Biofuel Mission for Palnadu district.,Unknown,Unknown / Other,4146 kg,Dry / Semi-dry,1-2 Weeks,Burning in field,Palnadu,High,GRP_0024,Synthetic/Demo,Medium
REC000096,IMG000096,Andhra Pradesh,Palnadu,Unknown,Unknown,Unknown,Uncategorized,Unknown / Other,Unclassified Material,Field / Farmyard,Unknown,Unknown,8.4,2972.0,5.0,95.0,12.8,25,0.0,0.0,0.0,0.0,0.0,Open dumping along field bunds,Medium,Moderate,Low,Low,Low,Low,Low,Low,Low,Low,Low,Low,Low,Low,Additional Assessment Required,Field Verification,Confidence threshold below 70% or unclassified material; requires farmer clarification or physical laboratory verification.,Cease open burning. Store at <15% moisture and aggregate 2972 kg for Additional Assessment Required conversion.,Facilitate custom hiring center aggregation balers under AP Biofuel Mission for Palnadu district.,Unknown,Unknown / Other,2972 kg,Dry / Semi-dry,1-2 Weeks,Open dumping along field bunds,Palnadu,High,GRP_0024,Synthetic/Demo,Medium
REC000065,IMG000065,Andhra Pradesh,Kurnool,Unknown,Unknown,Soybean,Oilseeds,Soybean Residue,Field Residue (Straw/Husk),Field / Farmyard,Kharif,October,12.0,13968.0,14.6,85.4,30.8,27,37.0,21.0,16.5,3.0,6.5,Incorporation into soil,Low,Low,High,High,Medium,Medium,High,High,High,High,High,High,High,High,Ethanol,Mushroom Cultivation,Favorable holocellulose fraction (58%) with moderate lignin makes it responsive to mild enzymatic hydrolysis for biofuel ethanol.,Cease open burning. Store at <15% moisture and aggregate 13968 kg for Ethanol conversion.,Facilitate custom hiring center aggregation balers under AP Biofuel Mission for Kurnool district.,Soybean,Soybean Residue,13968 kg,Dry / Semi-dry,1-2 Weeks,Incorporation into soil,Kurnool,High,GRP_0017,Synthetic/Demo,Medium
REC000066,IMG000066,Andhra Pradesh,Kurnool,Unknown,Unknown,Soybean,Oilseeds,Soybean Residue,Field Residue (Straw/Husk),Field / Farmyard,Kharif,October,7.1,5073.0,13.9,86.1,9.4,15,37.0,21.0,16.5,3.0,6.5,Incorporation into soil,Low,Low,High,High,Medium,Medium,High,High,High,High,High,High,High,High,Ethanol,Mushroom Cultivation,Favorable holocellulose fraction (58%) with moderate lignin makes it responsive to mild enzymatic hydrolysis for biofuel ethanol.,Cease open burning. Store at <15% moisture and aggregate 5073 kg for Ethanol conversion.,Facilitate custom hiring center aggregation balers under AP Biofuel Mission for Kurnool district.,Soybean,Soybean Residue,5073 kg,Dry / Semi-dry,1-2 Weeks,Incorporation into soil,Kurnool,High,GRP_0017,Synthetic/Demo,Medium
REC000067,IMG000067,Andhra Pradesh,Kurnool,Unknown,Unknown,Soybean,Oilseeds,Soybean Residue,Field Residue (Straw/Husk),Field / Farmyard,Kharif,October,7.7,2617.0,11.1,88.9,21.1,8,37.0,21.0,16.5,3.0,6.5,Selling to brick kilns / traders,Low,Moderate,High,High,Medium,Medium,High,High,High,High,High,High,High,High,Ethanol,Mushroom Cultivation,Favorable holocellulose fraction (58%) with moderate lignin makes it responsive to mild enzymatic hydrolysis for biofuel ethanol.,Cease open burning. Store at <15% moisture and aggregate 2617 kg for Ethanol conversion.,Facilitate custom hiring center aggregation balers under AP Biofuel Mission for Kurnool district.,Soybean,Soybean Residue,2617 kg,Dry / Semi-dry,1-2 Weeks,Selling to brick kilns / traders,Kurnool,High,GRP_0017,Synthetic/Demo,Medium
REC000068,IMG000068,Andhra Pradesh,Kurnool,Unknown,Unknown,Soybean,Oilseeds,Soybean Residue,Field Residue (Straw/Husk),Field / Farmyard,Kharif,October,8.7,6658.0,15.3,84.7,33.0,19,37.0,21.0,16.5,3.0,6.5,Burning in field,High,Severe,High,High,Medium,Medium,High,High,High,High,High,High,High,High,Ethanol,Mushroom Cultivation,Favorable holocellulose fraction (58%) with moderate lignin makes it responsive to mild enzymatic hydrolysis for biofuel ethanol.,Cease open burning. Store at <15% moisture and aggregate 6658 kg for Ethanol conversion.,Facilitate custom hiring center aggregation balers under AP Biofuel Mission for Kurnool district.,Soybean,Soybean Residue,6658 kg,Dry / Semi-dry,1-2 Weeks,Burning in field,Kurnool,High,GRP_0017,Synthetic/Demo,Medium
REC000085,IMG000085,Andhra Pradesh,Palnadu,Unknown,Unknown,Coconut,Plantation Crops,Coconut Shell,Agro-industrial Residue (Shell),Field / Farmyard,Perennial,Continuous,4.8,2389.0,10.0,90.0,21.8,11,34.0,12.0,48.0,0.2,2.0,Burning in field,High,Severe,Low,Low,Low,Low,Very High,Very High,Low,Low,Low,Low,Low,Low,Briquettes/Pellets,Industrial Biomass Use,Highest natural lignin concentration (48%) among agri-wastes; creates premium metallurgical-grade charcoal and dense high-energy fuel briquettes.,Cease open burning. Store at <15% moisture and aggregate 2389 kg for Briquettes/Pellets conversion.,Facilitate custom hiring center aggregation balers under AP Biofuel Mission for Palnadu district.,Coconut,Coconut Shell,2389 kg,Dry / Semi-dry,1-2 Weeks,Burning in field,Palnadu,High,GRP_0022,Synthetic/Demo,Medium
REC000086,IMG000086,Andhra Pradesh,Palnadu,Unknown,Unknown,Coconut,Plantation Crops,Coconut Shell,Agro-industrial Residue (Shell),Field / Farmyard,Perennial,Continuous,6.2,3941.0,8.0,92.0,9.5,4,34.0,12.0,48.0,0.2,2.0,Cattle fodder,Low,Low,Low,Low,Low,Low,Very High,Very High,Low,Low,Low,Low,Low,Low,Briquettes/Pellets,Industrial Biomass Use,Highest natural lignin concentration (48%) among agri-wastes; creates premium metallurgical-grade charcoal and dense high-energy fuel briquettes.,Cease open burning. Store at <15% moisture and aggregate 3941 kg for Briquettes/Pellets conversion.,Facilitate custom hiring center aggregation balers under AP Biofuel Mission for Palnadu district.,Coconut,Coconut Shell,3941 kg,Dry / Semi-dry,1-2 Weeks,Cattle fodder,Palnadu,High,GRP_0022,Synthetic/Demo,Medium
REC000087,IMG000087,Andhra Pradesh,Palnadu,Unknown,Unknown,Coconut,Plantation Crops,Coconut Shell,Agro-industrial Residue (Shell),Field / Farmyard,Perennial,Continuous,8.5,2820.0,12.8,87.2,18.5,14,34.0,12.0,48.0,0.2,2.0,Cattle fodder,Low,Low,Low,Low,Low,Low,Very High,Very High,Low,Low,Low,Low,Low,Low,Briquettes/Pellets,Industrial Biomass Use,Highest natural lignin concentration (48%) among agri-wastes; creates premium metallurgical-grade charcoal and dense high-energy fuel briquettes.,Cease open burning. Store at <15% moisture and aggregate 2820 kg for Briquettes/Pellets conversion.,Facilitate custom hiring center aggregation balers under AP Biofuel Mission for Palnadu district.,Coconut,Coconut Shell,2820 kg,Dry / Semi-dry,1-2 Weeks,Cattle fodder,Palnadu,High,GRP_0022,Synthetic/Demo,Medium
REC000088,IMG000088,Andhra Pradesh,Palnadu,Unknown,Unknown,Coconut,Plantation Crops,Coconut Shell,Agro-industrial Residue (Shell),Field / Farmyard,Perennial,Continuous,3.5,3563.0,9.3,90.7,7.7,20,34.0,12.0,48.0,0.2,2.0,Open dumping along field bunds,Medium,Moderate,Low,Low,Low,Low,Very High,Very High,Low,Low,Low,Low,Low,Low,Briquettes/Pellets,Industrial Biomass Use,Highest natural lignin concentration (48%) among agri-wastes; creates premium metallurgical-grade charcoal and dense high-energy fuel briquettes.,Cease open burning. Store at <15% moisture and aggregate 3563 kg for Briquettes/Pellets conversion.,Facilitate custom hiring center aggregation balers under AP Biofuel Mission for Palnadu district.,Coconut,Coconut Shell,3563 kg,Dry / Semi-dry,1-2 Weeks,Open dumping along field bunds,Palnadu,High,GRP_0022,Synthetic/Demo,Medium
REC000021,IMG000021,Andhra Pradesh,Visakhapatnam,Unknown,Unknown,Sugarcane,Cash Crops,Sugarcane Bagasse,Agro-industrial Residue (Bagasse),Field / Farmyard,Perennial,January,10.4,3519.0,46.3,53.7,18.0,6,43.0,25.0,20.0,2.0,3.5,Burning in field,High,Severe,Very High,Very High,Medium,Medium,High,High,Low,Low,Low,Low,Medium,Medium,Ethanol,Briquettes/Pellets,High cellulose (43%) with existing sugar mill co-location makes 2G cellulosic ethanol commercially attractive with low transport overhead.,Cease open burning. Store at <15% moisture and aggregate 3519 kg for Ethanol conversion.,Facilitate custom hiring center aggregation balers under AP Biofuel Mission for Visakhapatnam district.,Sugarcane,Sugarcane Bagasse,3519 kg,Wet / Fresh,1-2 Weeks,Burning in field,Visakhapatnam,High,GRP_0006,Synthetic/Demo,Medium
REC000022,IMG000022,Andhra Pradesh,Visakhapatnam,Unknown,Unknown,Sugarcane,Cash Crops,Sugarcane Bagasse,Agro-industrial Residue (Bagasse),Field / Farmyard,Perennial,January,5.8,3392.0,50.5,49.5,26.2,11,43.0,25.0,20.0,2.0,3.5,Cattle fodder,Low,Low,Very High,Very High,Medium,Medium,High,High,Low,Low,Low,Low,Medium,Medium,Ethanol,Briquettes/Pellets,High cellulose (43%) with existing sugar mill co-location makes 2G cellulosic ethanol commercially attractive with low transport overhead.,Cease open burning. Store at <15% moisture and aggregate 3392 kg for Ethanol conversion.,Facilitate custom hiring center aggregation balers under AP Biofuel Mission for Visakhapatnam district.,Sugarcane,Sugarcane Bagasse,3392 kg,Wet / Fresh,1-2 Weeks,Cattle fodder,Visakhapatnam,High,GRP_0006,Synthetic/Demo,Medium
REC000023,IMG000023,Andhra Pradesh,Visakhapatnam,Unknown,Unknown,Sugarcane,Cash Crops,Sugarcane Bagasse,Agro-industrial Residue (Bagasse),Field / Farmyard,Perennial,January,10.2,9777.0,48.4,51.6,8.1,7,43.0,25.0,20.0,2.0,3.5,Cattle fodder,Low,Low,Very High,Very High,Medium,Medium,High,High,Low,Low,Low,Low,Medium,Medium,Ethanol,Briquettes/Pellets,High cellulose (43%) with existing sugar mill co-location makes 2G cellulosic ethanol commercially attractive with low transport overhead.,Cease open burning. Store at <15% moisture and aggregate 9777 kg for Ethanol conversion.,Facilitate custom hiring center aggregation balers under AP Biofuel Mission for Visakhapatnam district.,Sugarcane,Sugarcane Bagasse,9777 kg,Wet / Fresh,1-2 Weeks,Cattle fodder,Visakhapatnam,High,GRP_0006,Synthetic/Demo,Medium
REC000024,IMG000024,Andhra Pradesh,Visakhapatnam,Unknown,Unknown,Sugarcane,Cash Crops,Sugarcane Bagasse,Agro-industrial Residue (Bagasse),Field / Farmyard,Perennial,January,6.9,5451.0,46.1,53.9,19.3,7,43.0,25.0,20.0,2.0,3.5,Selling to brick kilns / traders,Low,Moderate,Very High,Very High,Medium,Medium,High,High,Low,Low,Low,Low,Medium,Medium,Ethanol,Briquettes/Pellets,High cellulose (43%) with existing sugar mill co-location makes 2G cellulosic ethanol commercially attractive with low transport overhead.,Cease open burning. Store at <15% moisture and aggregate 5451 kg for Ethanol conversion.,Facilitate custom hiring center aggregation balers under AP Biofuel Mission for Visakhapatnam district.,Sugarcane,Sugarcane Bagasse,5451 kg,Wet / Fresh,1-2 Weeks,Selling to brick kilns / traders,Visakhapatnam,High,GRP_0006,Synthetic/Demo,Medium
REC000041,IMG000041,Andhra Pradesh,Kurnool,Unknown,Unknown,Groundnut,Oilseeds,Groundnut Shell,Agro-industrial Residue (Shell),Field / Farmyard,Kharif,October,9.4,9714.0,6.7,93.3,4.3,18,36.0,17.5,29.0,1.0,4.0,Burning in field,High,Severe,Medium,Medium,Low,Low,Very High,Very High,Low,Low,Low,Low,Low,Low,Briquettes/Pellets,Ethanol,High lignin content (29%) yields exceptional calorific briquette fuel with low moisture uptake; 36% cellulose available for specialized ethanol processes.,Cease open burning. Store at <15% moisture and aggregate 9714 kg for Briquettes/Pellets conversion.,Facilitate custom hiring center aggregation balers under AP Biofuel Mission for Kurnool district.,Groundnut,Groundnut Shell,9714 kg,Dry / Semi-dry,1-2 Weeks,Burning in field,Kurnool,High,GRP_0011,Synthetic/Demo,Medium
REC000042,IMG000042,Andhra Pradesh,Kurnool,Unknown,Unknown,Groundnut,Oilseeds,Groundnut Shell,Agro-industrial Residue (Shell),Field / Farmyard,Kharif,October,11.1,8789.0,6.6,93.4,28.9,22,36.0,17.5,29.0,1.0,4.0,Cattle fodder,Low,Low,Medium,Medium,Low,Low,Very High,Very High,Low,Low,Low,Low,Low,Low,Briquettes/Pellets,Ethanol,High lignin content (29%) yields exceptional calorific briquette fuel with low moisture uptake; 36% cellulose available for specialized ethanol processes.,Cease open burning. Store at <15% moisture and aggregate 8789 kg for Briquettes/Pellets conversion.,Facilitate custom hiring center aggregation balers under AP Biofuel Mission for Kurnool district.,Groundnut,Groundnut Shell,8789 kg,Dry / Semi-dry,1-2 Weeks,Cattle fodder,Kurnool,High,GRP_0011,Synthetic/Demo,Medium
REC000043,IMG000043,Andhra Pradesh,Kurnool,Unknown,Unknown,Groundnut,Oilseeds,Groundnut Shell,Agro-industrial Residue (Shell),Field / Farmyard,Kharif,October,4.2,3810.0,9.3,90.7,6.4,24,36.0,17.5,29.0,1.0,4.0,Incorporation into soil,Low,Low,Medium,Medium,Low,Low,Very High,Very High,Low,Low,Low,Low,Low,Low,Briquettes/Pellets,Ethanol,High lignin content (29%) yields exceptional calorific briquette fuel with low moisture uptake; 36% cellulose available for specialized ethanol processes.,Cease open burning. Store at <15% moisture and aggregate 3810 kg for Briquettes/Pellets conversion.,Facilitate custom hiring center aggregation balers under AP Biofuel Mission for Kurnool district.,Groundnut,Groundnut Shell,3810 kg,Dry / Semi-dry,1-2 Weeks,Incorporation into soil,Kurnool,High,GRP_0011,Synthetic/Demo,Medium
REC000044,IMG000044,Andhra Pradesh,Kurnool,Unknown,Unknown,Groundnut,Oilseeds,Groundnut Shell,Agro-industrial Residue (Shell),Field / Farmyard,Kharif,October,4.3,2923.0,6.7,93.3,10.9,9,36.0,17.5,29.0,1.0,4.0,Burning in field,High,Severe,Medium,Medium,Low,Low,Very High,Very High,Low,Low,Low,Low,Low,Low,Briquettes/Pellets,Ethanol,High lignin content (29%) yields exceptional calorific briquette fuel with low moisture uptake; 36% cellulose available for specialized ethanol processes.,Cease open burning. Store at <15% moisture and aggregate 2923 kg for Briquettes/Pellets conversion.,Facilitate custom hiring center aggregation balers under AP Biofuel Mission for Kurnool district.,Groundnut,Groundnut Shell,2923 kg,Dry / Semi-dry,1-2 Weeks,Burning in field,Kurnool,High,GRP_0011,Synthetic/Demo,Medium
REC000037,IMG000037,Andhra Pradesh,Kadapa,Unknown,Unknown,Chilli,Spices & Condiments,Chilli Stem,Field Residue (Stem),Field / Farmyard,Rabi,February,10.8,12463.0,17.1,82.9,15.2,2,32.0,20.0,22.0,2.0,6.5,Cattle fodder,Low,Low,Medium,Medium,Medium,Medium,High,High,Medium,Medium,Medium,Medium,Low,Low,Briquettes/Pellets,Compost,Heavy concentration in Guntur/Palnadu chili belt; high lignin and moderate holocellulose make densified fuel pellets or thermal gasification most viable.,Cease open burning. Store at <15% moisture and aggregate 12463 kg for Briquettes/Pellets conversion.,Facilitate custom hiring center aggregation balers under AP Biofuel Mission for Kadapa district.,Chilli,Chilli Stem,12463 kg,Dry / Semi-dry,1-2 Weeks,Cattle fodder,Kadapa,High,GRP_0010,Synthetic/Demo,Medium
REC000038,IMG000038,Andhra Pradesh,Kadapa,Unknown,Unknown,Chilli,Spices & Condiments,Chilli Stem,Field Residue (Stem),Field / Farmyard,Rabi,February,4.3,2034.0,15.8,84.2,19.2,3,32.0,20.0,22.0,2.0,6.5,Cattle fodder,Low,Low,Medium,Medium,Medium,Medium,High,High,Medium,Medium,Medium,Medium,Low,Low,Briquettes/Pellets,Compost,Heavy concentration in Guntur/Palnadu chili belt; high lignin and moderate holocellulose make densified fuel pellets or thermal gasification most viable.,Cease open burning. Store at <15% moisture and aggregate 2034 kg for Briquettes/Pellets conversion.,Facilitate custom hiring center aggregation balers under AP Biofuel Mission for Kadapa district.,Chilli,Chilli Stem,2034 kg,Dry / Semi-dry,1-2 Weeks,Cattle fodder,Kadapa,High,GRP_0010,Synthetic/Demo,Medium
REC000039,IMG000039,Andhra Pradesh,Kadapa,Unknown,Unknown,Chilli,Spices & Condiments,Chilli Stem,Field Residue (Stem),Field / Farmyard,Rabi,February,3.9,2395.0,15.4,84.6,23.8,7,32.0,20.0,22.0,2.0,6.5,Cattle fodder,Low,Low,Medium,Medium,Medium,Medium,High,High,Medium,Medium,Medium,Medium,Low,Low,Briquettes/Pellets,Compost,Heavy concentration in Guntur/Palnadu chili belt; high lignin and moderate holocellulose make densified fuel pellets or thermal gasification most viable.,Cease open burning. Store at <15% moisture and aggregate 2395 kg for Briquettes/Pellets conversion.,Facilitate custom hiring center aggregation balers under AP Biofuel Mission for Kadapa district.,Chilli,Chilli Stem,2395 kg,Dry / Semi-dry,1-2 Weeks,Cattle fodder,Kadapa,High,GRP_0010,Synthetic/Demo,Medium
REC000040,IMG000040,Andhra Pradesh,Kadapa,Unknown,Unknown,Chilli,Spices & Condiments,Chilli Stem,Field Residue (Stem),Field / Farmyard,Rabi,February,3.8,3250.0,18.3,81.7,9.3,9,32.0,20.0,22.0,2.0,6.5,Selling to brick kilns / traders,Low,Moderate,Medium,Medium,Medium,Medium,High,High,Medium,Medium,Medium,Medium,Low,Low,Briquettes/Pellets,Compost,Heavy concentration in Guntur/Palnadu chili belt; high lignin and moderate holocellulose make densified fuel pellets or thermal gasification most viable.,Cease open burning. Store at <15% moisture and aggregate 3250 kg for Briquettes/Pellets conversion.,Facilitate custom hiring center aggregation balers under AP Biofuel Mission for Kadapa district.,Chilli,Chilli Stem,3250 kg,Dry / Semi-dry,1-2 Weeks,Selling to brick kilns / traders,Kadapa,High,GRP_0010,Synthetic/Demo,Medium
REC000053,IMG000053,Andhra Pradesh,Palnadu,Unknown,Unknown,Banana,Horticulture (Fruits),Banana Leaf,Field Residue (Leaves),Field / Farmyard,Perennial,August,4.9,5199.0,69.5,30.5,22.2,19,26.0,20.0,16.0,5.0,11.0,Incorporation into soil,Low,Low,Medium,Medium,High,High,Low,Low,Very High,Very High,Very High,Very High,Medium,Medium,Vermicompost,Biogas,High organic nitrogen and rapid decomposition rate make it prime feedstock for vermicomposting and bio-manure generation.,Cease open burning. Store at <15% moisture and aggregate 5199 kg for Vermicompost conversion.,Facilitate custom hiring center aggregation balers under AP Biofuel Mission for Palnadu district.,Banana,Banana Leaf,5199 kg,Wet / Fresh,1-2 Weeks,Incorporation into soil,Palnadu,High,GRP_0014,Synthetic/Demo,Medium
REC000054,IMG000054,Andhra Pradesh,Palnadu,Unknown,Unknown,Banana,Horticulture (Fruits),Banana Leaf,Field Residue (Leaves),Field / Farmyard,Perennial,August,2.7,1270.0,71.8,28.2,10.7,6,26.0,20.0,16.0,5.0,11.0,Burning in field,High,Severe,Medium,Medium,High,High,Low,Low,Very High,Very High,Very High,Very High,Medium,Medium,Vermicompost,Biogas,High organic nitrogen and rapid decomposition rate make it prime feedstock for vermicomposting and bio-manure generation.,Cease open burning. Store at <15% moisture and aggregate 1270 kg for Vermicompost conversion.,Facilitate custom hiring center aggregation balers under AP Biofuel Mission for Palnadu district.,Banana,Banana Leaf,1270 kg,Wet / Fresh,1-2 Weeks,Burning in field,Palnadu,High,GRP_0014,Synthetic/Demo,Medium
REC000055,IMG000055,Andhra Pradesh,Palnadu,Unknown,Unknown,Banana,Horticulture (Fruits),Banana Leaf,Field Residue (Leaves),Field / Farmyard,Perennial,August,9.3,3275.0,69.5,30.5,22.3,24,26.0,20.0,16.0,5.0,11.0,Incorporation into soil,Low,Low,Medium,Medium,High,High,Low,Low,Very High,Very High,Very High,Very High,Medium,Medium,Vermicompost,Biogas,High organic nitrogen and rapid decomposition rate make it prime feedstock for vermicomposting and bio-manure generation.,Cease open burning. Store at <15% moisture and aggregate 3275 kg for Vermicompost conversion.,Facilitate custom hiring center aggregation balers under AP Biofuel Mission for Palnadu district.,Banana,Banana Leaf,3275 kg,Wet / Fresh,1-2 Weeks,Incorporation into soil,Palnadu,High,GRP_0014,Synthetic/Demo,Medium
REC000056,IMG000056,Andhra Pradesh,Palnadu,Unknown,Unknown,Banana,Horticulture (Fruits),Banana Leaf,Field Residue (Leaves),Field / Farmyard,Perennial,August,6.7,5159.0,71.8,28.2,15.2,4,26.0,20.0,16.0,5.0,11.0,Incorporation into soil,Low,Low,Medium,Medium,High,High,Low,Low,Very High,Very High,Very High,Very High,Medium,Medium,Vermicompost,Biogas,High organic nitrogen and rapid decomposition rate make it prime feedstock for vermicomposting and bio-manure generation.,Cease open burning. Store at <15% moisture and aggregate 5159 kg for Vermicompost conversion.,Facilitate custom hiring center aggregation balers under AP Biofuel Mission for Palnadu district.,Banana,Banana Leaf,5159 kg,Wet / Fresh,1-2 Weeks,Incorporation into soil,Palnadu,High,GRP_0014,Synthetic/Demo,Medium
REC000069,IMG000069,Andhra Pradesh,Tirupati,Unknown,Unknown,Sunflower,Oilseeds,Sunflower Residue,Field Residue (Stalk/Head),Field / Farmyard,Rabi,February,9.4,5393.0,16.2,83.8,12.7,27,35.0,20.0,18.0,2.0,8.0,Open dumping along field bunds,Medium,Moderate,Medium,Medium,Medium,Medium,High,High,Medium,Medium,Medium,Medium,Medium,Medium,Briquettes/Pellets,Ethanol,High fibrous bulk and porous stalk core make it ideal for mechanical compaction into solid biofuel logs and pellets.,Cease open burning. Store at <15% moisture and aggregate 5393 kg for Briquettes/Pellets conversion.,Facilitate custom hiring center aggregation balers under AP Biofuel Mission for Tirupati district.,Sunflower,Sunflower Residue,5393 kg,Dry / Semi-dry,1-2 Weeks,Open dumping along field bunds,Tirupati,High,GRP_0018,Synthetic/Demo,Medium
REC000070,IMG000070,Andhra Pradesh,Tirupati,Unknown,Unknown,Sunflower,Oilseeds,Sunflower Residue,Field Residue (Stalk/Head),Field / Farmyard,Rabi,February,12.0,4980.0,13.1,86.9,12.3,19,35.0,20.0,18.0,2.0,8.0,Incorporation into soil,Low,Low,Medium,Medium,Medium,Medium,High,High,Medium,Medium,Medium,Medium,Medium,Medium,Briquettes/Pellets,Ethanol,High fibrous bulk and porous stalk core make it ideal for mechanical compaction into solid biofuel logs and pellets.,Cease open burning. Store at <15% moisture and aggregate 4980 kg for Briquettes/Pellets conversion.,Facilitate custom hiring center aggregation balers under AP Biofuel Mission for Tirupati district.,Sunflower,Sunflower Residue,4980 kg,Dry / Semi-dry,1-2 Weeks,Incorporation into soil,Tirupati,High,GRP_0018,Synthetic/Demo,Medium
REC000071,IMG000071,Andhra Pradesh,Tirupati,Unknown,Unknown,Sunflower,Oilseeds,Sunflower Residue,Field Residue (Stalk/Head),Field / Farmyard,Rabi,February,10.8,9103.0,13.3,86.7,14.1,4,35.0,20.0,18.0,2.0,8.0,Open dumping along field bunds,Medium,Moderate,Medium,Medium,Medium,Medium,High,High,Medium,Medium,Medium,Medium,Medium,Medium,Briquettes/Pellets,Ethanol,High fibrous bulk and porous stalk core make it ideal for mechanical compaction into solid biofuel logs and pellets.,Cease open burning. Store at <15% moisture and aggregate 9103 kg for Briquettes/Pellets conversion.,Facilitate custom hiring center aggregation balers under AP Biofuel Mission for Tirupati district.,Sunflower,Sunflower Residue,9103 kg,Dry / Semi-dry,1-2 Weeks,Open dumping along field bunds,Tirupati,High,GRP_0018,Synthetic/Demo,Medium
REC000072,IMG000072,Andhra Pradesh,Tirupati,Unknown,Unknown,Sunflower,Oilseeds,Sunflower Residue,Field Residue (Stalk/Head),Field / Farmyard,Rabi,February,7.5,2557.0,13.6,86.4,20.9,24,35.0,20.0,18.0,2.0,8.0,Cattle fodder,Low,Low,Medium,Medium,Medium,Medium,High,High,Medium,Medium,Medium,Medium,Medium,Medium,Briquettes/Pellets,Ethanol,High fibrous bulk and porous stalk core make it ideal for mechanical compaction into solid biofuel logs and pellets.,Cease open burning. Store at <15% moisture and aggregate 2557 kg for Briquettes/Pellets conversion.,Facilitate custom hiring center aggregation balers under AP Biofuel Mission for Tirupati district.,Sunflower,Sunflower Residue,2557 kg,Dry / Semi-dry,1-2 Weeks,Cattle fodder,Tirupati,High,GRP_0018,Synthetic/Demo,Medium
REC000073,IMG000073,Andhra Pradesh,Eluru,Unknown,Unknown,Turmeric,Spices & Condiments,Turmeric Residue,Field/Processing Residue,Field / Farmyard,Rabi,March,4.6,4046.0,20.0,80.0,18.7,15,30.0,18.0,17.0,4.0,7.5,Cattle fodder,Low,Low,Low,Low,High,High,Medium,Medium,High,High,High,High,Low,Low,Compost,Biogas,Contains natural antimicrobial curcumoids which benefit soil health when composted; moderate moisture supports co-digestion biogas.,Cease open burning. Store at <15% moisture and aggregate 4046 kg for Compost conversion.,Facilitate custom hiring center aggregation balers under AP Biofuel Mission for Eluru district.,Turmeric,Turmeric Residue,4046 kg,Dry / Semi-dry,1-2 Weeks,Cattle fodder,Eluru,High,GRP_0019,Synthetic/Demo,Medium
REC000074,IMG000074,Andhra Pradesh,Eluru,Unknown,Unknown,Turmeric,Spices & Condiments,Turmeric Residue,Field/Processing Residue,Field / Farmyard,Rabi,March,2.6,1313.0,20.1,79.9,27.2,1,30.0,18.0,17.0,4.0,7.5,Cattle fodder,Low,Low,Low,Low,High,High,Medium,Medium,High,High,High,High,Low,Low,Compost,Biogas,Contains natural antimicrobial curcumoids which benefit soil health when composted; moderate moisture supports co-digestion biogas.,Cease open burning. Store at <15% moisture and aggregate 1313 kg for Compost conversion.,Facilitate custom hiring center aggregation balers under AP Biofuel Mission for Eluru district.,Turmeric,Turmeric Residue,1313 kg,Dry / Semi-dry,1-2 Weeks,Cattle fodder,Eluru,High,GRP_0019,Synthetic/Demo,Medium
REC000075,IMG000075,Andhra Pradesh,Eluru,Unknown,Unknown,Turmeric,Spices & Condiments,Turmeric Residue,Field/Processing Residue,Field / Farmyard,Rabi,March,7.6,5250.0,20.5,79.5,17.4,5,30.0,18.0,17.0,4.0,7.5,Incorporation into soil,Low,Low,Low,Low,High,High,Medium,Medium,High,High,High,High,Low,Low,Compost,Biogas,Contains natural antimicrobial curcumoids which benefit soil health when composted; moderate moisture supports co-digestion biogas.,Cease open burning. Store at <15% moisture and aggregate 5250 kg for Compost conversion.,Facilitate custom hiring center aggregation balers under AP Biofuel Mission for Eluru district.,Turmeric,Turmeric Residue,5250 kg,Dry / Semi-dry,1-2 Weeks,Incorporation into soil,Eluru,High,GRP_0019,Synthetic/Demo,Medium
REC000076,IMG000076,Andhra Pradesh,Eluru,Unknown,Unknown,Turmeric,Spices & Condiments,Turmeric Residue,Field/Processing Residue,Field / Farmyard,Rabi,March,7.9,5731.0,24.5,75.5,32.7,13,30.0,18.0,17.0,4.0,7.5,Incorporation into soil,Low,Low,Low,Low,High,High,Medium,Medium,High,High,High,High,Low,Low,Compost,Biogas,Contains natural antimicrobial curcumoids which benefit soil health when composted; moderate moisture supports co-digestion biogas.,Cease open burning. Store at <15% moisture and aggregate 5731 kg for Compost conversion.,Facilitate custom hiring center aggregation balers under AP Biofuel Mission for Eluru district.,Turmeric,Turmeric Residue,5731 kg,Dry / Semi-dry,1-2 Weeks,Incorporation into soil,Eluru,High,GRP_0019,Synthetic/Demo,Medium
REC000049,IMG000049,Andhra Pradesh,Annamayya,Unknown,Unknown,Banana,Horticulture (Fruits),Banana Pseudostem,Field Biomass (Stem/Trunk),Field / Farmyard,Perennial,August,7.4,2803.0,88.4,11.6,30.1,3,35.0,22.0,11.0,8.5,12.0,Open dumping along field bunds,Medium,Moderate,High,High,Very High,Very High,Low,Low,High,High,Very High,Very High,Medium,Medium,Biogas,Ethanol,Extremely high green moisture (88%) makes it an instant anaerobic digestion substrate for Biogas / CBG; extracted sap sugars and fibers support ethanol upon dewatering.,Cease open burning. Store at <15% moisture and aggregate 2803 kg for Biogas conversion.,Facilitate custom hiring center aggregation balers under AP Biofuel Mission for Annamayya district.,Banana,Banana Pseudostem,2803 kg,Wet / Fresh,1-2 Weeks,Open dumping along field bunds,Annamayya,High,GRP_0013,Synthetic/Demo,Medium
REC000050,IMG000050,Andhra Pradesh,Annamayya,Unknown,Unknown,Banana,Horticulture (Fruits),Banana Pseudostem,Field Biomass (Stem/Trunk),Field / Farmyard,Perennial,August,2.1,1893.0,88.7,11.3,32.6,23,35.0,22.0,11.0,8.5,12.0,Cattle fodder,Low,Low,High,High,Very High,Very High,Low,Low,High,High,Very High,Very High,Medium,Medium,Biogas,Ethanol,Extremely high green moisture (88%) makes it an instant anaerobic digestion substrate for Biogas / CBG; extracted sap sugars and fibers support ethanol upon dewatering.,Cease open burning. Store at <15% moisture and aggregate 1893 kg for Biogas conversion.,Facilitate custom hiring center aggregation balers under AP Biofuel Mission for Annamayya district.,Banana,Banana Pseudostem,1893 kg,Wet / Fresh,1-2 Weeks,Cattle fodder,Annamayya,High,GRP_0013,Synthetic/Demo,Medium
REC000051,IMG000051,Andhra Pradesh,Annamayya,Unknown,Unknown,Banana,Horticulture (Fruits),Banana Pseudostem,Field Biomass (Stem/Trunk),Field / Farmyard,Perennial,August,9.0,7320.0,89.4,10.6,27.2,11,35.0,22.0,11.0,8.5,12.0,Burning in field,High,Severe,High,High,Very High,Very High,Low,Low,High,High,Very High,Very High,Medium,Medium,Biogas,Ethanol,Extremely high green moisture (88%) makes it an instant anaerobic digestion substrate for Biogas / CBG; extracted sap sugars and fibers support ethanol upon dewatering.,Cease open burning. Store at <15% moisture and aggregate 7320 kg for Biogas conversion.,Facilitate custom hiring center aggregation balers under AP Biofuel Mission for Annamayya district.,Banana,Banana Pseudostem,7320 kg,Wet / Fresh,1-2 Weeks,Burning in field,Annamayya,High,GRP_0013,Synthetic/Demo,Medium
REC000052,IMG000052,Andhra Pradesh,Annamayya,Unknown,Unknown,Banana,Horticulture (Fruits),Banana Pseudostem,Field Biomass (Stem/Trunk),Field / Farmyard,Perennial,August,10.5,7990.0,89.5,10.5,6.8,23,35.0,22.0,11.0,8.5,12.0,Open dumping along field bunds,Medium,Moderate,High,High,Very High,Very High,Low,Low,High,High,Very High,Very High,Medium,Medium,Biogas,Ethanol,Extremely high green moisture (88%) makes it an instant anaerobic digestion substrate for Biogas / CBG; extracted sap sugars and fibers support ethanol upon dewatering.,Cease open burning. Store at <15% moisture and aggregate 7990 kg for Biogas conversion.,Facilitate custom hiring center aggregation balers under AP Biofuel Mission for Annamayya district.,Banana,Banana Pseudostem,7990 kg,Wet / Fresh,1-2 Weeks,Open dumping along field bunds,Annamayya,High,GRP_0013,Synthetic/Demo,Medium
REC000005,IMG000005,Andhra Pradesh,Kadapa,Unknown,Unknown,Rice,Cereals,Rice Husk,Agro-industrial Residue (Husk),Field / Farmyard,Kharif,November,4.3,2884.0,10.9,89.1,17.6,2,34.0,21.0,19.5,1.0,18.5,Selling to brick kilns / traders,Low,Moderate,Medium,Medium,Low,Low,Very High,Very High,Low,Low,Low,Low,Low,Low,Briquettes/Pellets,Ethanol,High lignin (19.5%) and high abrasive silica content make it superior for densified solid biofuel briquetting; moderate ethanol potential.,Cease open burning. Store at <15% moisture and aggregate 2884 kg for Briquettes/Pellets conversion.,Facilitate custom hiring center aggregation balers under AP Biofuel Mission for Kadapa district.,Rice,Rice Husk,2884 kg,Dry / Semi-dry,1-2 Weeks,Selling to brick kilns / traders,Kadapa,High,GRP_0002,Synthetic/Demo,Medium
REC000006,IMG000006,Andhra Pradesh,Kadapa,Unknown,Unknown,Rice,Cereals,Rice Husk,Agro-industrial Residue (Husk),Field / Farmyard,Kharif,November,3.9,3238.0,8.6,91.4,34.3,25,34.0,21.0,19.5,1.0,18.5,Cattle fodder,Low,Low,Medium,Medium,Low,Low,Very High,Very High,Low,Low,Low,Low,Low,Low,Briquettes/Pellets,Ethanol,High lignin (19.5%) and high abrasive silica content make it superior for densified solid biofuel briquetting; moderate ethanol potential.,Cease open burning. Store at <15% moisture and aggregate 3238 kg for Briquettes/Pellets conversion.,Facilitate custom hiring center aggregation balers under AP Biofuel Mission for Kadapa district.,Rice,Rice Husk,3238 kg,Dry / Semi-dry,1-2 Weeks,Cattle fodder,Kadapa,High,GRP_0002,Synthetic/Demo,Medium
REC000007,IMG000007,Andhra Pradesh,Kadapa,Unknown,Unknown,Rice,Cereals,Rice Husk,Agro-industrial Residue (Husk),Field / Farmyard,Kharif,November,6.1,5067.0,9.8,90.2,19.0,19,34.0,21.0,19.5,1.0,18.5,Burning in field,High,Severe,Medium,Medium,Low,Low,Very High,Very High,Low,Low,Low,Low,Low,Low,Briquettes/Pellets,Ethanol,High lignin (19.5%) and high abrasive silica content make it superior for densified solid biofuel briquetting; moderate ethanol potential.,Cease open burning. Store at <15% moisture and aggregate 5067 kg for Briquettes/Pellets conversion.,Facilitate custom hiring center aggregation balers under AP Biofuel Mission for Kadapa district.,Rice,Rice Husk,5067 kg,Dry / Semi-dry,1-2 Weeks,Burning in field,Kadapa,High,GRP_0002,Synthetic/Demo,Medium
REC000008,IMG000008,Andhra Pradesh,Kadapa,Unknown,Unknown,Rice,Cereals,Rice Husk,Agro-industrial Residue (Husk),Field / Farmyard,Kharif,November,6.3,2935.0,10.8,89.2,34.0,15,34.0,21.0,19.5,1.0,18.5,Cattle fodder,Low,Low,Medium,Medium,Low,Low,Very High,Very High,Low,Low,Low,Low,Low,Low,Briquettes/Pellets,Ethanol,High lignin (19.5%) and high abrasive silica content make it superior for densified solid biofuel briquetting; moderate ethanol potential.,Cease open burning. Store at <15% moisture and aggregate 2935 kg for Briquettes/Pellets conversion.,Facilitate custom hiring center aggregation balers under AP Biofuel Mission for Kadapa district.,Rice,Rice Husk,2935 kg,Dry / Semi-dry,1-2 Weeks,Cattle fodder,Kadapa,High,GRP_0002,Synthetic/Demo,Medium
REC000009,IMG000009,Andhra Pradesh,Nellore,Unknown,Unknown,Rice,Cereals,Rice Bran,Agro-industrial Residue (Milling),Field / Farmyard,Kharif,November,5.4,3882.0,12.9,87.1,23.7,21,12.0,18.0,8.0,6.0,9.0,Open dumping along field bunds,Medium,Moderate,Low,Low,Medium,Medium,Low,Low,Medium,Medium,Medium,Medium,Low,Low,Animal Feed,Biogas,"High lipid, protein, and nutrient density prioritize oil extraction and livestock feed over direct biofuel conversion.",Cease open burning. Store at <15% moisture and aggregate 3882 kg for Animal Feed conversion.,Facilitate custom hiring center aggregation balers under AP Biofuel Mission for Nellore district.,Rice,Rice Bran,3882 kg,Dry / Semi-dry,1-2 Weeks,Open dumping along field bunds,Nellore,High,GRP_0003,Synthetic/Demo,Medium
REC000010,IMG000010,Andhra Pradesh,Nellore,Unknown,Unknown,Rice,Cereals,Rice Bran,Agro-industrial Residue (Milling),Field / Farmyard,Kharif,November,2.9,2851.0,9.7,90.3,31.1,8,12.0,18.0,8.0,6.0,9.0,Selling to brick kilns / traders,Low,Moderate,Low,Low,Medium,Medium,Low,Low,Medium,Medium,Medium,Medium,Low,Low,Animal Feed,Biogas,"High lipid, protein, and nutrient density prioritize oil extraction and livestock feed over direct biofuel conversion.",Cease open burning. Store at <15% moisture and aggregate 2851 kg for Animal Feed conversion.,Facilitate custom hiring center aggregation balers under AP Biofuel Mission for Nellore district.,Rice,Rice Bran,2851 kg,Dry / Semi-dry,1-2 Weeks,Selling to brick kilns / traders,Nellore,High,GRP_0003,Synthetic/Demo,Medium
REC000011,IMG000011,Andhra Pradesh,Nellore,Unknown,Unknown,Rice,Cereals,Rice Bran,Agro-industrial Residue (Milling),Field / Farmyard,Kharif,November,2.9,2764.0,11.6,88.4,4.6,19,12.0,18.0,8.0,6.0,9.0,Burning in field,High,Severe,Low,Low,Medium,Medium,Low,Low,Medium,Medium,Medium,Medium,Low,Low,Animal Feed,Biogas,"High lipid, protein, and nutrient density prioritize oil extraction and livestock feed over direct biofuel conversion.",Cease open burning. Store at <15% moisture and aggregate 2764 kg for Animal Feed conversion.,Facilitate custom hiring center aggregation balers under AP Biofuel Mission for Nellore district.,Rice,Rice Bran,2764 kg,Dry / Semi-dry,1-2 Weeks,Burning in field,Nellore,High,GRP_0003,Synthetic/Demo,Medium
REC000012,IMG000012,Andhra Pradesh,Nellore,Unknown,Unknown,Rice,Cereals,Rice Bran,Agro-industrial Residue (Milling),Field / Farmyard,Kharif,November,9.0,4835.0,10.1,89.9,12.4,3,12.0,18.0,8.0,6.0,9.0,Burning in field,High,Severe,Low,Low,Medium,Medium,Low,Low,Medium,Medium,Medium,Medium,Low,Low,Animal Feed,Biogas,"High lipid, protein, and nutrient density prioritize oil extraction and livestock feed over direct biofuel conversion.",Cease open burning. Store at <15% moisture and aggregate 4835 kg for Animal Feed conversion.,Facilitate custom hiring center aggregation balers under AP Biofuel Mission for Nellore district.,Rice,Rice Bran,4835 kg,Dry / Semi-dry,1-2 Weeks,Burning in field,Nellore,High,GRP_0003,Synthetic/Demo,Medium
REC000089,IMG000089,Andhra Pradesh,West Godavari,Unknown,Unknown,Mixed Vegetables,Horticulture (Vegetables),Vegetable Residue,Mandi/Farm Residue,Field / Farmyard,Rabi,December,7.3,7772.0,83.5,16.5,16.4,14,14.0,11.0,5.0,16.0,9.0,Open dumping along field bunds,Medium,Moderate,Low,Low,Very High,Very High,Low,Low,Very High,Very High,Very High,Very High,Low,Low,Biogas,Compost,High moisture (85%) and readily biodegradable volatile solids produce rapid methane generation in anaerobic digestion units.,Cease open burning. Store at <15% moisture and aggregate 7772 kg for Biogas conversion.,Facilitate custom hiring center aggregation balers under AP Biofuel Mission for West Godavari district.,Mixed Vegetables,Vegetable Residue,7772 kg,Wet / Fresh,1-2 Weeks,Open dumping along field bunds,West Godavari,High,GRP_0023,Synthetic/Demo,Medium
REC000090,IMG000090,Andhra Pradesh,West Godavari,Unknown,Unknown,Mixed Vegetables,Horticulture (Vegetables),Vegetable Residue,Mandi/Farm Residue,Field / Farmyard,Rabi,December,10.0,5502.0,83.1,16.9,27.1,8,14.0,11.0,5.0,16.0,9.0,Selling to brick kilns / traders,Low,Moderate,Low,Low,Very High,Very High,Low,Low,Very High,Very High,Very High,Very High,Low,Low,Biogas,Compost,High moisture (85%) and readily biodegradable volatile solids produce rapid methane generation in anaerobic digestion units.,Cease open burning. Store at <15% moisture and aggregate 5502 kg for Biogas conversion.,Facilitate custom hiring center aggregation balers under AP Biofuel Mission for West Godavari district.,Mixed Vegetables,Vegetable Residue,5502 kg,Wet / Fresh,1-2 Weeks,Selling to brick kilns / traders,West Godavari,High,GRP_0023,Synthetic/Demo,Medium
REC000091,IMG000091,Andhra Pradesh,West Godavari,Unknown,Unknown,Mixed Vegetables,Horticulture (Vegetables),Vegetable Residue,Mandi/Farm Residue,Field / Farmyard,Rabi,December,5.9,2350.0,82.3,17.7,12.8,17,14.0,11.0,5.0,16.0,9.0,Incorporation into soil,Low,Low,Low,Low,Very High,Very High,Low,Low,Very High,Very High,Very High,Very High,Low,Low,Biogas,Compost,High moisture (85%) and readily biodegradable volatile solids produce rapid methane generation in anaerobic digestion units.,Cease open burning. Store at <15% moisture and aggregate 2350 kg for Biogas conversion.,Facilitate custom hiring center aggregation balers under AP Biofuel Mission for West Godavari district.,Mixed Vegetables,Vegetable Residue,2350 kg,Wet / Fresh,1-2 Weeks,Incorporation into soil,West Godavari,High,GRP_0023,Synthetic/Demo,Medium
REC000092,IMG000092,Andhra Pradesh,West Godavari,Unknown,Unknown,Mixed Vegetables,Horticulture (Vegetables),Vegetable Residue,Mandi/Farm Residue,Field / Farmyard,Rabi,December,3.4,3175.0,83.9,16.1,28.5,2,14.0,11.0,5.0,16.0,9.0,Selling to brick kilns / traders,Low,Moderate,Low,Low,Very High,Very High,Low,Low,Very High,Very High,Very High,Very High,Low,Low,Biogas,Compost,High moisture (85%) and readily biodegradable volatile solids produce rapid methane generation in anaerobic digestion units.,Cease open burning. Store at <15% moisture and aggregate 3175 kg for Biogas conversion.,Facilitate custom hiring center aggregation balers under AP Biofuel Mission for West Godavari district.,Mixed Vegetables,Vegetable Residue,3175 kg,Wet / Fresh,1-2 Weeks,Selling to brick kilns / traders,West Godavari,High,GRP_0023,Synthetic/Demo,Medium
REC000045,IMG000045,Andhra Pradesh,Alluri Sitharama Raju,Unknown,Unknown,Groundnut,Oilseeds,Groundnut Haulm,Field Residue (Haulm/Vines),Field / Farmyard,Kharif,October,5.5,4890.0,17.3,82.7,32.6,8,28.0,21.0,13.0,4.5,8.5,Selling to brick kilns / traders,Low,Moderate,Low,Low,High,High,Medium,Medium,High,High,High,High,Medium,Medium,Animal Feed,Biogas,Leguminous residue rich in crude protein (8-11%) and palatability; predominantly utilized as nutrient-dense cattle fodder across Rayalaseema districts.,Cease open burning. Store at <15% moisture and aggregate 4890 kg for Animal Feed conversion.,Facilitate custom hiring center aggregation balers under AP Biofuel Mission for Alluri Sitharama Raju district.,Groundnut,Groundnut Haulm,4890 kg,Dry / Semi-dry,1-2 Weeks,Selling to brick kilns / traders,Alluri Sitharama Raju,High,GRP_0012,Synthetic/Demo,Medium
REC000046,IMG000046,Andhra Pradesh,Alluri Sitharama Raju,Unknown,Unknown,Groundnut,Oilseeds,Groundnut Haulm,Field Residue (Haulm/Vines),Field / Farmyard,Kharif,October,9.6,5301.0,17.6,82.4,9.8,23,28.0,21.0,13.0,4.5,8.5,Open dumping along field bunds,Medium,Moderate,Low,Low,High,High,Medium,Medium,High,High,High,High,Medium,Medium,Animal Feed,Biogas,Leguminous residue rich in crude protein (8-11%) and palatability; predominantly utilized as nutrient-dense cattle fodder across Rayalaseema districts.,Cease open burning. Store at <15% moisture and aggregate 5301 kg for Animal Feed conversion.,Facilitate custom hiring center aggregation balers under AP Biofuel Mission for Alluri Sitharama Raju district.,Groundnut,Groundnut Haulm,5301 kg,Dry / Semi-dry,1-2 Weeks,Open dumping along field bunds,Alluri Sitharama Raju,High,GRP_0012,Synthetic/Demo,Medium
REC000047,IMG000047,Andhra Pradesh,Alluri Sitharama Raju,Unknown,Unknown,Groundnut,Oilseeds,Groundnut Haulm,Field Residue (Haulm/Vines),Field / Farmyard,Kharif,October,3.1,3468.0,13.5,86.5,10.8,27,28.0,21.0,13.0,4.5,8.5,Selling to brick kilns / traders,Low,Moderate,Low,Low,High,High,Medium,Medium,High,High,High,High,Medium,Medium,Animal Feed,Biogas,Leguminous residue rich in crude protein (8-11%) and palatability; predominantly utilized as nutrient-dense cattle fodder across Rayalaseema districts.,Cease open burning. Store at <15% moisture and aggregate 3468 kg for Animal Feed conversion.,Facilitate custom hiring center aggregation balers under AP Biofuel Mission for Alluri Sitharama Raju district.,Groundnut,Groundnut Haulm,3468 kg,Dry / Semi-dry,1-2 Weeks,Selling to brick kilns / traders,Alluri Sitharama Raju,High,GRP_0012,Synthetic/Demo,Medium
REC000048,IMG000048,Andhra Pradesh,Alluri Sitharama Raju,Unknown,Unknown,Groundnut,Oilseeds,Groundnut Haulm,Field Residue (Haulm/Vines),Field / Farmyard,Kharif,October,4.1,1261.0,14.6,85.4,18.1,17,28.0,21.0,13.0,4.5,8.5,Open dumping along field bunds,Medium,Moderate,Low,Low,High,High,Medium,Medium,High,High,High,High,Medium,Medium,Animal Feed,Biogas,Leguminous residue rich in crude protein (8-11%) and palatability; predominantly utilized as nutrient-dense cattle fodder across Rayalaseema districts.,Cease open burning. Store at <15% moisture and aggregate 1261 kg for Animal Feed conversion.,Facilitate custom hiring center aggregation balers under AP Biofuel Mission for Alluri Sitharama Raju district.,Groundnut,Groundnut Haulm,1261 kg,Dry / Semi-dry,1-2 Weeks,Open dumping along field bunds,Alluri Sitharama Raju,High,GRP_0012,Synthetic/Demo,Medium
